{
  "DQN-FixedLR": {
    "overall_mean_reward": 267.08078073284986,
    "overall_std_reward": 138.47238797613974,
    "final_50ep_mean": 383.8013035297224,
    "final_50ep_std": 15.515429701403477,
    "phase_rewards": {
      "phase_1": {
        "mean": 67.64067831079244,
        "std": 35.05037136430738
      },
      "phase_2": {
        "mean": 230.01901542995446,
        "std": 76.4534114365757
      },
      "phase_3": {
        "mean": 385.7376266513448,
        "std": 17.00070799775998
      },
      "phase_4": {
        "mean": 384.9258025393078,
        "std": 14.795507844928823
      }
    },
    "mean_recovery_speed": 19.666666666666668,
    "std_recovery_speed": 27.812866726670865
  },
  "ShrinkAndPerturb": {
    "overall_mean_reward": 161.52230922196347,
    "overall_std_reward": 58.21497657980524,
    "final_50ep_mean": 212.17647105442254,
    "final_50ep_std": 13.79789588677272,
    "phase_rewards": {
      "phase_1": {
        "mean": 77.5728234670957,
        "std": 42.2647419043166
      },
      "phase_2": {
        "mean": 166.29944623485082,
        "std": 20.284935161359183
      },
      "phase_3": {
        "mean": 192.64084707679635,
        "std": 28.21534543340196
      },
      "phase_4": {
        "mean": 209.57612010911103,
        "std": 14.634614328256104
      }
    },
    "mean_recovery_speed": 26.666666666666668,
    "std_recovery_speed": 20.885933597094056
  },
  "PeriodicReset": {
    "overall_mean_reward": 57.01720013684895,
    "overall_std_reward": 53.4341629052525,
    "final_50ep_mean": 12.456795924341991,
    "final_50ep_std": 10.813566532785051,
    "phase_rewards": {
      "phase_1": {
        "mean": 80.81693013376237,
        "std": 41.771062520502205
      },
      "phase_2": {
        "mean": 115.83844623485084,
        "std": 43.28968222802303
      },
      "phase_3": {
        "mean": 20.418743323896432,
        "std": 13.885183436287443
      },
      "phase_4": {
        "mean": 10.994680854886143,
        "std": 11.195402109353223
      }
    },
    "mean_recovery_speed": 86.33333333333333,
    "std_recovery_speed": 19.3275853524323
  },
  "L2-Regularisation": {
    "overall_mean_reward": 201.0421242219635,
    "overall_std_reward": 97.87957599189869,
    "final_50ep_mean": 182.68197105442258,
    "final_50ep_std": 14.209016855205363,
    "phase_rewards": {
      "phase_1": {
        "mean": 75.99091680042903,
        "std": 40.67628835767628
      },
      "phase_2": {
        "mean": 214.04794623485088,
        "std": 53.73705348500939
      },
      "phase_3": {
        "mean": 327.986513743463,
        "std": 28.070235634889205
      },
      "phase_4": {
        "mean": 186.143120109111,
        "std": 29.114633204870707
      }
    },
    "mean_recovery_speed": 19.666666666666668,
    "std_recovery_speed": 27.812866726670865
  },
  "PALR (ours)": {
    "overall_mean_reward": 244.15833333333333,
    "overall_std_reward": 163.02223753388847,
    "final_50ep_mean": 401.32,
    "final_50ep_std": 161.6937154004447,
    "phase_rewards": {
      "phase_1": {
        "mean": 124.63333333333334,
        "std": 82.05196862693519
      },
      "phase_2": {
        "mean": 185.99333333333334,
        "std": 111.89772095782628
      },
      "phase_3": {
        "mean": 294.62666666666667,
        "std": 150.71220019921708
      },
      "phase_4": {
        "mean": 371.38,
        "std": 167.13889114545822
      }
    },
    "mean_recovery_speed": 2.3333333333333335,
    "std_recovery_speed": 2.6246692913372702
  },
  "PALR-NoPerturb": {
    "overall_mean_reward": 223.98333333333332,
    "overall_std_reward": 151.0283959687346,
    "final_50ep_mean": 270.14,
    "final_50ep_std": 164.2388516764532,
    "phase_rewards": {
      "phase_1": {
        "mean": 144.5,
        "std": 101.15570506237731
      },
      "phase_2": {
        "mean": 249.8,
        "std": 138.64414881270685
      },
      "phase_3": {
        "mean": 247.77333333333334,
        "std": 173.57557995166127
      },
      "phase_4": {
        "mean": 253.86,
        "std": 152.3563817720369
      }
    },
    "mean_recovery_speed": 0.6666666666666666,
    "std_recovery_speed": 0.4714045207910317
  },
  "PALR-NoScale": {
    "overall_mean_reward": 270.0933333333333,
    "overall_std_reward": 166.60864710119006,
    "final_50ep_mean": 297.38,
    "final_50ep_std": 207.84935794945338,
    "phase_rewards": {
      "phase_1": {
        "mean": 131.68,
        "std": 98.39954742443348
      },
      "phase_2": {
        "mean": 239.72666666666666,
        "std": 122.62375499424606
      },
      "phase_3": {
        "mean": 355.05333333333334,
        "std": 141.74497224083666
      },
      "phase_4": {
        "mean": 353.91333333333336,
        "std": 178.60205062901403
      }
    },
    "mean_recovery_speed": 4.666666666666667,
    "std_recovery_speed": 3.39934634239519
  }
}